gap,Mean,Stdev
0,1.1282,0.852028
0.5,1.1985,0.902688
1,1.39937,1.02045
1.5,1.70942,1.15185
2,2.10124,1.26054
2.5,2.54359,1.33392
3,3.0165,1.37673
3.5,3.505,1.3991
4,4.00254,1.40853
4.5,4.50058,1.41288
5,5.00017,1.41335
5.5,5.50066,1.41432
6,6.00002,1.4141
6.5,6.50048,1.41437
7,7.00017,1.41477
7.5,7.4997,1.41416
8,8.00007,1.41425
8.5,8.49957,1.41374
9,8.99995,1.4141
9.5,9.49987,1.41475
10,10.0006,1.41454
